店舗名,エリア,インスタユーザー名,インスタURL,最終投稿日,今月の投稿数,直近の投稿内容
初代ヱビス,,syodai_ebisu,https://www.instagram.com/syodai_ebisu/,2026-10-08,8,"* “Your way to エビス, right under the Tsutenkaku vibes ✨”"
朝日,,asahi_kushikatsu,https://www.instagram.com/asahi_kushikatsu/,,,
いるり,,iruri_kushikatsu,https://www.instagram.com/iruri_kushikatsu/,,,
串かつじゃんじゃん,,kushikatu.jyanjyan,https://www.instagram.com/kushikatu.jyanjyan/,,,
鶴亀家,,nadai.turukameya,https://www.instagram.com/nadai.turukameya/,,0,
つり吉新世界,,tsurikichi_shinsekai,https://www.instagram.com/tsurikichi_shinsekai/,2026-10-08,25,本日入荷 牡蠣生で食べれます！！ 伊勢海老あります。新世界唯一 魚釣りができます。 宴会 予約受付中 地の方、観光で新世
ぎふや本家,,gifuya_honke,https://www.instagram.com/gifuya_honke/,,,
ぎふや（本家・別邸共用）,,gihuya_kushikatsu,https://www.instagram.com/gihuya_kushikatsu/,,,
横綱 通天閣,,yokozuna.tutenkaku,https://www.instagram.com/yokozuna.tutenkaku/,2026-08-31,0,. ＼ みなさまの「いいね👍」が私たちの力に！ ／  横綱通天閣店に 「いいね👍・高評価BOX」が登場しました✨  「料
横綱,,yokozuna_honten,https://www.instagram.com/yokozuna_honten/,2026-07-25,0,. 🌞暑い日は、さっぱり美味しいお寿司で決まり！🍣✨  食欲が落ちやすい暑い季節でも、お寿司ならペロッと食べられます😊 
ふじやま,,hujiyama0405,https://www.instagram.com/hujiyama0405/,2026-07-24,0,ふわふわのうまき、とろけるどて焼き、コリコリ食感がクセになるセセリ鉄板と生センマイ、さらにさっぱり楽しめる冷やしトマトま
ペゴパヨ てんしば,,pegopayo_tenshiba,https://www.instagram.com/pegopayo_tenshiba/,,,
味の大丸,,daimaru_kushikatsu,https://www.instagram.com/daimaru_kushikatsu/,2026-10-09,9,Welcome to 味の大丸店🤗
ジョンマッテン,,jmt_umeda,https://www.instagram.com/jmt_umeda/,,,
酒友龍馬 東通店,,sakatomo.ryouma,https://www.instagram.com/sakatomo.ryouma/,2026-10-08,9,土佐鶴 本醸辛口 90cc 748 円税込で  すすめポイント ・名物料理から定番居酒屋メニューまで充実 ・ビール・ハイ
喰人 東通り店,,eat_man_higashi,https://www.instagram.com/eat_man_higashi/,2026-10-07,6,当店ではお昼11時から営業しており、平日は700円より定食を提供しております❗️ ぜひ、ご利用ください❗️ #梅田 #梅
のぶちゃん,,nobuchan_umeda,https://www.instagram.com/nobuchan_umeda/,2026-10-08,8,🔥 博多地鶏 炭火焼き〜自家製柚子胡椒〜🐓 　新登場！ 香ばしい炭火の香りとジューシーな博多地鶏がベストマッチ✨ 自家製
肉汁堂山,,niku_ju3,https://www.instagram.com/niku_ju3/,,,
さしすせそ,,sashisuseso_umeda,https://www.instagram.com/sashisuseso_umeda/,2026-10-08,6,梅田・東通りで、ふらっと一杯🍻 旨い料理とお酒、今日もお待ちしてます。  📍さしすせそ 東通梅田  #さしすせそ #さし
ニュー 曙,,new__akebono,https://www.instagram.com/new__akebono/,2026-10-08,6,おはようございます☀ニュー曙です🫡 日本酒紹介🍶 浪の音 超辛口　　90cc 480円（税抜） 辛口の中にバランスよく旨
肉汁,,niku_ju,https://www.instagram.com/niku_ju/,2023-03-17,0,🐮🍖✧*｡  こんにちは❣️ #肉汁 お初天神店です！☺️  ⋆┈┈┈┈┈┈┈┈┈┈┈┈┈┈┈┈⋆ 大衆酒場 肉汁 お初
さしすせそお初天神,,sashisuseso_ohatsu,https://www.instagram.com/sashisuseso_ohatsu/,2026-10-08,7,昨日からおすすめメニューが一部変更になりました🍁 秋の味覚をぜひお楽しみください✨ 皆さまのご来店をお待ちしております！
ＰＡＯ２,,pao2.umeda_osaka,https://www.instagram.com/pao2.umeda_osaka/,2026-10-08,8,パンダ・ひよこ・くま🐼🐥🐻💕 どれも可愛すぎて食べるのがもったいない🥹✨ ふわふわで美味しかった！  #PAO2 #大阪
べじとん 中崎,,bejiton_nakasaki,https://www.instagram.com/bejiton_nakasaki/,2022-08-18,0,べじとん梅田中崎町店 スタッフです💕🎶  今回は、サムギョプサルのご紹介です^_^ 🐷1人前１０７８円(2人前から承りま
鳥々々,,yakitori.midori,https://www.instagram.com/yakitori.midori/,2026-10-04,1,炭火の香り、焼きたての美味しさ🔥 一本一本、丁寧に焼き上げています。  焼き鳥を楽しむなら、ぜひ当店へ🍻
口福ノ美味イ鶏,,koufuku_umai_tori,https://www.instagram.com/koufuku_umai_tori/,2026-10-07,6,📍口福ノ美味イ鶏  ーーーーーーーーーーーーーーー 営業時間  月〜木　16:00 - 23:00 L.O. 22:30
ペゴパヨ東通り,,pegopayostagram,https://www.instagram.com/pegopayostagram/,2024-01-21,0,ペゴパヨ梅田店です🙂🙃❕ 本日も元気に営業しております🌈  DMでご予約受付中💌 当日、前日のご予約はご対応できない場合
炉漫堂,,romandou_robata,https://www.instagram.com/romandou_robata/,,,
つり吉難波,,tsurikiti_namba,https://www.instagram.com/tsurikiti_namba/,,,
ペロリーナ,,perori_na_,https://www.instagram.com/perori_na_/,2022-10-20,0,. 〝お気に入り〟 . ✍️ヤゲン軟骨 ジェノベーゼ和え  秘伝？の配合？のスパイスで焼き上げ 香り高いバジルソースで和
横綱千日前店,,yokoduna_sennichimae,https://www.instagram.com/yokoduna_sennichimae/,2026-07-24,0,外はパリッと、中はジューシー。👍 ガーリックの香りが食欲をそそる一品🍗✨ キンキンに冷えたビールと一緒に最高のひとときを
鶏樹,,toriki_namba,https://www.instagram.com/toriki_namba/,2022-06-19,0,焼酎が増えました❗️  ・となりのおくさん（麦、麦こうじ）  ・いまかの（鹿児島県産さつまいも、米こうじ） ・もとかの（
横綱 法善寺,,yokoduna_hozenji,https://www.instagram.com/yokoduna_hozenji/,2026-08-26,0,🥵 暑い夏に、ひんやり一杯。❄️🍜  彩り豊かな具材と、つるっと冷たい麺。 暑い日にぴったりの「冷やし中華」、はじめまし
乾杯屋,,kampaiya_aioi,https://www.instagram.com/kampaiya_aioi/,2026-10-08,1,🍻✨【新メニュー追加！！】✨🍻  こちら↓ https://tabelog.com/osaka/A2701/A27020
カド八,,kadohachi_namba,https://www.instagram.com/kadohachi_namba/,,,
酔々屋,,yoiyoiya_nanba,https://www.instagram.com/yoiyoiya_nanba/,2026-07-25,0,新オススメメニューです！！！  #酔々屋#大衆酒場#難波グルメ #相生橋筋商店街 #紹興酒で乾杯
んだんだ,,kitaguni.ndanda,https://www.instagram.com/kitaguni.ndanda/,2025-11-03,0,もう１１月です。 本日は、めちゃくちゃ寒いですね。  秋田名物『きりたんぽ鍋』は如何でしょうか？ 明日からは北海道名物『
横綱 堂山,,yokoduna.doyama,https://www.instagram.com/yokoduna.doyama/,2026-10-04,2,🐯🎉阪神タイガース優勝おめでとう！！🎉🐯  ＼ 優勝記念！！特別キャンペーン開催🔥 ／  阪神タイガースの優勝を記念して
横綱 東通り,,yokozuna_higashidori,https://www.instagram.com/yokozuna_higashidori/,2026-10-07,4,
近江,,oumi_umeda,https://www.instagram.com/oumi_umeda/,2026-09-29,0,炭焼地鶏近江です。  東通り商店街からの当店までの行き方♪  【 🏘️ 店名 】 炭焼地鶏 近江 【 📍 住所 】 大阪
囲炉端,,iroha.umeda,https://www.instagram.com/iroha.umeda/,2026-10-09,25,🔥🔥炉端焼き 囲炉端🔥🔥  本日11:30オープン🙋  平日14:00まで、ボリューム満点🉐お得な定食やってます👍 リピ
東北だべさ,,touhoku_dabesa,https://www.instagram.com/touhoku_dabesa/,2026-10-08,8,"📍大阪/梅田【東北だべさ】  本日も16時から営業中🍺✨  🔥 食べ飲み放題 1名様 2,200円（税込）！ 🔥 お料理"
京橋ホール,,kyoubashi_hall,https://www.instagram.com/kyoubashi_hall/,2026-10-08,9,おはようございます。 京橋ホール　チキン南蛮です。 いかがでしょうか！！！ ご来店お待ちしてます。 #京橋ホール　#京橋
スシサワ,,sushi.sawa,https://www.instagram.com/sushi.sawa/,2022-04-30,0,皆様こんにちサワー‼️  GWはいかがお過ごしですか😃  スシサワは4/27(水)より改装工事に入っております。  再開
寿司割烹 のの（九州だんじ跡）,,sushi_nono_umeda,https://www.instagram.com/sushi_nono_umeda/,2026-10-08,24,「I LOVE SUSHI」—— その名の通り、お寿司のために楽しみたい一本。  佐賀県産「さがの華」を使用し、 氷温貯
春夏秋冬,,syunka2018,https://www.instagram.com/syunka2018/,2025-10-15,0,【閉店のお知らせ】 平素より「串揚げ 春夏秋冬」をご愛顧いただき、誠にありがとうございました。 本日10/15をもちまし
焼肉 名門 舌一,,yakiniku_meimon,https://www.instagram.com/yakiniku_meimon/,2026-10-08,18,北新地 肉料理 名門です🥩✨  このたび、2026年の新コースをご用意いたしました。  ✨ 彩【IRODORI】コース 
串揚げ かな山,,kushiage_kanayama1,https://www.instagram.com/kushiage_kanayama1/,2026-10-08,13,こんにちは😃 串揚げ　かな山です😄  10月も半ばに来てます😅 そろそろ忘年会の準備は大丈夫ですか？  当店は個人（4名
和海,,nagominanba,https://www.instagram.com/nagominanba/,2024-11-26,0,お知らせ  来年1月15日をもちまして 『和海なんば店』は閉店する事になりました。 残りわずかになりますがどうぞよろしく
曲ル角ニハ泡喰ライ,,awakurai_umeda,https://www.instagram.com/awakurai_umeda/,2026-07-23,0,＼平日は時間無制限！🥩コスパ最強の食べ飲み放題🍺／  「今日は思いっきり食べたい！」 「時間を気にせず飲みたい！」  そ
韓国焼肉 ‰食堂,,permille_shokudo,https://www.instagram.com/permille_shokudo/,,,
火鉢屋 ○酉,,hibachiya_marudori,https://www.instagram.com/hibachiya_marudori/,2022-09-21,0,みなさま、今日もお疲れ様でございます！ 火鉢屋○酉です🦃✨  本日は、大事なお知らせをさせていただきます✋😐  この度、
JYO-ZETSU,,jyo_zetsu,https://www.instagram.com/jyo_zetsu/,2022-09-30,0,"""今日がjyo-zetsuにとって最後の1日""  皆様本日でjyo-zetsuは 閉店致します。  開店当初からjyo-"
ミカシータ,,micasita.umeda,https://www.instagram.com/micasita.umeda/,,,
すさび湯,,susabiyu,https://www.instagram.com/susabiyu/,2026-01-02,0,新年あけましておめでとうございます すさび湯です♨️ ⁡ 先日より「すさび湯の冬到来」 がスタートしてます🎶 ⁡ フグや
フレンチ酒場GOLD,,furenchisakaba_gold,https://www.instagram.com/furenchisakaba_gold/,2024-12-15,0,こんにちは、フレンチ酒場goldです🍷  当店は本日も元気に営業しております！  冬のおすすめメニューが始まりました🎵 
ひよこ飯店,,hiyokohanten,https://www.instagram.com/hiyokohanten/,2026-09-03,0,皆さんこんにちは！ ひよこ飯店です🐣💫  毎月4･5のつく日はひよこの日！💛ྀི  ドラゴンハイボール 上海ハイボール 
ケジョン82,,kejon82_umeda,https://www.instagram.com/kejon82_umeda/,2023-05-24,0,本日からグランドメニューリニューアル。  1枚目 チュセウサムギョプサル  2枚目 チュセウサムギョプサル  3枚目 黄
ケジョン82 ※使用中,,kejon_82,https://www.instagram.com/kejon_82/,2025-01-21,0,こんにちは！ケジョン82です🇰🇷  一杯だけじゃ帰れない🤯 🌟 ハッピーアワー開催中！ 🌟 看板見たよ！でお得に楽しめる
Largo,,parfaiterialargo,https://www.instagram.com/parfaiterialargo/,2022-05-24,0,こんにちは、パフェテリアラルゴです✨  久しぶりの投稿となります💦 先日までアカウントがロックされており、しばらく当店の
喫茶Largo,,kissa_largo,https://www.instagram.com/kissa_largo/,,,
ルクア Largo,,largo_lucua,https://www.instagram.com/largo_lucua/,2026-10-08,1,季節を映す、贅沢なLARGOケーキプレート。  ケーキ2種類とラルゴ特製ミニバフェを基能できる贅沢なプレートです。  数
ARATA,,arata_umeda,https://www.instagram.com/arata_umeda/,2026-02-25,0,こんにちは🌹ARATAです！  こちらのケーキは お一人様3000円の記念日コース もしくは お一人様4000円のプレミ
UMAMI,,craftman_umami,https://www.instagram.com/craftman_umami/,2026-10-07,12,"【Eins, zwei, drei, g'suufa! Prost!】  ドイツ🇩🇪の有名な乾杯の歌  ・Ein Pro"
ちゃーちゃん,,chachan_umeda,https://www.instagram.com/chachan_umeda/,2026-09-26,0,こんにちは！大衆居酒屋ちゃーちゃんです😊  ただいまアルバイト大募集中です！  特に、 ・11:00〜18:00のお昼の
大阪焼肉にと,,osaka.yakiniku_nito,https://www.instagram.com/osaka.yakiniku_nito/,2024-04-17,0,こんにちは‼︎ 「大阪焼肉 にと」です🐇  にと“飲み放題”始めました📢 一部商品を除くほぼ全てのドリンクが対象！ こち
乾杯屋梅田芝田店,,kanpaiya_shibata,https://www.instagram.com/kanpaiya_shibata/,,0,
牛鍋あぐら,,gyunabeagura,https://www.instagram.com/gyunabeagura/,,,
乾杯屋お初天神,,kanpaiya_ohatu,https://www.instagram.com/kanpaiya_ohatu/,,0,
すさび湯お初天神店,,susabiyu_ohatsu,https://www.instagram.com/susabiyu_ohatsu/,,0,
八銭,,hassen_umedadoyama,https://www.instagram.com/hassen_umedadoyama/,2025-12-22,0,＼🍺🔥大衆酒場 八銭 梅田堂山店 🍺🔥／ ＼24時間営業スタート記念✨／  ▬▭▬▭▬▭▬▭▬▭▬▭▬  【📱インスタ限
食キャリ,,tabecareer,https://www.instagram.com/tabecareer/,,0,
味のたぬきや,,ajino_tanukiya,https://www.instagram.com/ajino_tanukiya/,,,
すさび湯 京都,,susabiyu_kyoto,https://www.instagram.com/susabiyu_kyoto/,2026-02-16,0,【🌸春の宴コース受付開始🌸】  春の味覚、桜鰤と桜鯛が 存分に味わえる 歓送迎会にもぴったりの コースをご用意いたしまし
串右衛門,,kushiemon_osaka,https://www.instagram.com/kushiemon_osaka/,2026-10-08,8,串かつとお出汁　串右衛門 〒556-0002 大阪府大阪市浪速区恵美須東2-5-2 御堂筋線、動物園前駅、JR新今宮から
UMEDA大ホール,,umeda_daihall,https://www.instagram.com/umeda_daihall/,2026-10-08,7,こんにちは♪ 本日も元気に営業中です！！ みんなでワイワイBBQを楽しもう〜！ キンキンのビールと美味しいごはんで乾杯🍻
らーめん和海 門真,,nagomi_kadoma,https://www.instagram.com/nagomi_kadoma/,2026-10-09,9,和海門真店です🍜  本日の限定ラーメンは 担々麺 淡麗煮干らーめん 冷やしみるきぃ節醤油らーめん 魚介冷やしらーめん ゆ
ラルゴ 門真,,largo_kadoma,https://www.instagram.com/largo_kadoma/,,,
清乃,,seino_shinsekai,https://www.instagram.com/seino_shinsekai/,,0,
黒門寿し,,kuromonsushi,https://www.instagram.com/kuromonsushi/,2026-10-09,25,kuromonsushi 『黒門寿し』kuromonsushi #酷暑日 #秋🍂 #黒門市場 #ハロウィン🎃 毎度ありが
おかにわ,,okaniwa_higobashi,https://www.instagram.com/okaniwa_higobashi/,2023-12-08,0,お待たせしました！ 冬限定おすすめメニューです！ ご来店お待ちしております。  大衆居酒屋おかにわ ランチ：11時〜14
天満鮨,,temmasushi,https://www.instagram.com/temmasushi/,2026-10-08,25,🔷🔷天満鮨　本店🔷🔷  おはようございます☀ 本日も11:00より営業してます😊  プレーンサワー55円 ハイボール55
横綱 難波店,,yokozuna_namba,https://www.instagram.com/yokozuna_namba/,2026-10-08,8,🍑 男梅サワー × 横綱難波店 🍻  しょっぱい旨さがクセになる！ 梅の濃厚な味わいと爽やかな酸味を楽しめる、人気の一杯
ラルゴ門真,,kadoma_largo,https://www.instagram.com/kadoma_largo/,2026-09-27,0,本日は9月の秋フェアから販売している抹茶バスクチーズケーキのご紹介です。  抹茶バスクチーズケーキ ¥900 （税込み：
熊の鳥焼,,kuma_toriyaki,https://www.instagram.com/kuma_toriyaki/,2026-07-05,0,【熊の鳥焼の定番コースのご紹介🐓】 熊の鳥焼コース🐻  当店自慢のお料理を存分に ご堪能いただける特別なコースです。 芳
八銭天満,,hassen_tenma,https://www.instagram.com/hassen_tenma/,2026-10-09,9,爽やかな一杯、翠ソーダ。」 すっきりとした味わいと心地よい炭酸で、食事とともに楽しめる一杯です。🩵   皆さまのご来店お
大衆酒場さんま,,taisyusakaba_sanma,https://www.instagram.com/taisyusakaba_sanma/,2026-10-07,3,.⁡ ⁡こんにちわ！ いつもご来店ありがとうございます。 大衆酒場さんまです🐟 ⁡ ⁡本日より⁡ ⁡大瓶ビール各種⁡ ⁡
おでん酒場湯あみ,,oden_yuami,https://www.instagram.com/oden_yuami/,,,
イニシエート公式,,initiate_gourmet,https://www.instagram.com/initiate_gourmet/,,0,
もんじゃ焼き しるく,,monjya_shiruku,https://www.instagram.com/monjya_shiruku/,2026-10-08,8,キャベツをどこまで細かくするか、 それも人によって全然違う‼️  細かくしたい人、そうでない人  焼く人によって焼き方も
ぎふや 公式,,gifuya_official,https://www.instagram.com/gifuya_official/,2026-10-08,25,🔥 香ばしくジューシー！食欲そそる絶品鉄板焼き！🍖✨ もう少し居酒屋らしくするなら： 「熱々鉄板でジュージュー！お酒が進
HARE 公式,,hare___official,https://www.instagram.com/hare___official/,,,
大阪焼肉にと,,osakayakiniku_nito,https://www.instagram.com/osakayakiniku_nito/,,,
炭焼 博多どんたく 都島店,,dontaku_miyakojima,https://www.instagram.com/dontaku_miyakojima/,2026-07-29,0,赤星もキンキンです！
すし酒場すさび湯歌舞伎町店,,susabiyu_kabukicho,https://www.instagram.com/susabiyu_kabukicho/,2026-07-27,0,【ラストナイト！】 熱帯夜を吹き飛ばす！キャンペーン最後の夜🔥！  ３日間限定ハイボール90円（税込99円）のラストスパ
京橋ホール天満店,,kyoubashi_hall_tenma,https://www.instagram.com/kyoubashi_hall_tenma/,2026-10-08,8,レモンサワーは：焼酎などのお酒にレモ ンと炭酸を合わせた、さっぱりしたお酒です。● 冷たい！ ワー飲みに『来てください。
初代エビス別館,,syodai_ebisu02,https://www.instagram.com/syodai_ebisu02/,,,
横綱 難波南海通り店,,yokoduna_nankaidori,https://www.instagram.com/yokoduna_nankaidori/,,,
かど升,,kadomasu_umeda,https://www.instagram.com/kadomasu_umeda/,2026-10-07,5,😋 カンパチの藁焼き、登場！🔥  「ちょっと一切れだけ…」のつもりが、気づいたらお皿が空っぽ！？😂 藁焼きならではの香ば
横綱 難波南海通り別館,,yokoduna_nankaidori02,https://www.instagram.com/yokoduna_nankaidori02/,,,
山長 黒門市場,,yamacho_kuromon,https://www.instagram.com/yamacho_kuromon/,2026-10-09,25,#sengyoyamacho#kuromonichiba We are so grateful!! 🙏✨  Hello 
天満鮨 駅前店,,temmasushi_ekimae,https://www.instagram.com/temmasushi_ekimae/,2026-10-03,5,🟥🟥天満鮨　駅前店🟥🟥  ⁡ ​まるで劇場のような、贅沢な空間で味わうお料理。⁡ ⁡ ​開放感のある高い天井と、職人さん
お料理 サザエ,,oryouri_sazae,https://www.instagram.com/oryouri_sazae/,2026-10-07,7,【　お料理　サザエ　】  ーーーーーーーーーー  月・火・水・木・日・祝日・祝後日 11:30 - 24:00  L.O
すさび湯 天満橋店,,susabiyu-tenmabashi,https://www.instagram.com/susabiyu-tenmabashi/,,,
天晴,,appare_shinsekai,https://www.instagram.com/appare_shinsekai/,,0,
大阪万博フードコート,,i_love_osaka_foodcourt,https://www.instagram.com/i_love_osaka_foodcourt/,,,
GOLDお初天神,,gold.ohatsutenjin,https://www.instagram.com/gold.ohatsutenjin/,2025-03-24,0,☕ 本日のおすすめ！ 🍰 ⁡ 【新たなフレンチの魅力が広がる】 本格フレンチ✖️お酒の新たな魅力を体感❗️ ⁡ こんにち
FRUITS CANDY,,fruits_candy_shop,https://www.instagram.com/fruits_candy_shop/,,,
料理と酒 たいだい,,ryorito_sake_taidai,https://www.instagram.com/ryorito_sake_taidai/,2026-04-10,0,こんにちは！ 料理と酒 たいだいです！  梅田・東通りの真ん中にある、 日本酒と焼き鳥が自慢のお店です♪  今回ご紹介す
酒場みつばち,,sakaba_mitubachi88,https://www.instagram.com/sakaba_mitubachi88/,,,
乾杯屋別館,,kanpaiya_bekkan,https://www.instagram.com/kanpaiya_bekkan/,,0,
福岡県人,,fukuokakenjin_umeda,https://www.instagram.com/fukuokakenjin_umeda/,2026-10-08,8,皆さんこんにちは☺️ 本日も沢山のご来店お待ちしております♪ 楽しい1日をお過ごし下さい☆  #大阪グルメ #梅田グルメ
寿司のたぬき,,sushino_tanuki,https://www.instagram.com/sushino_tanuki/,2026-10-08,9,今日も秋晴れに恵まれた天気ですね^_^  ハマチとあじの握りになりまして、お寿司を食べながらお酒を1杯いかがですか？本日
大阪万博好きやねん大阪,,osaka_banpaku_foodcourt,https://www.instagram.com/osaka_banpaku_foodcourt/,,,
ぎふや【好きやねん！大阪】,,gihuya_banpaku,https://www.instagram.com/gihuya_banpaku/,,,
横綱【好きやねん！大阪】,,yokozuna_banpaku,https://www.instagram.com/yokozuna_banpaku/,,,
ラルゴ【好きやねん！大阪】,,larugo_banpaku,https://www.instagram.com/larugo_banpaku/,,,
UMAMI【好きやねん！大阪】,,umami_banpaku,https://www.instagram.com/umami_banpaku/,2025-05-31,0,
名門【好きやねん！大阪】,,meimon_banpaku,https://www.instagram.com/meimon_banpaku/,,,
万福うどん【好きやねん！大阪】,,manpukuudon_banpaku,https://www.instagram.com/manpukuudon_banpaku/,,,
ひよこ飯店【好きやねん！大阪】,,hiyokohanten_banpaku,https://www.instagram.com/hiyokohanten_banpaku/,,,
大阪一番【好きやねん！大阪】,,osaka_ichiban_banpaku,https://www.instagram.com/osaka_ichiban_banpaku/,,,
万福スイーツ【好きやねん！大阪】,,manpukusweet_banpaku,https://www.instagram.com/manpukusweet_banpaku/,,,
黒門寿し【好きやねん！大阪】,,kuromonzushi_banpaku,https://www.instagram.com/kuromonzushi_banpaku/,,,
鮮魚山長2号店,,yamacyou_nigouten,https://www.instagram.com/yamacyou_nigouten/,,0,
三桂クラブ,,sankeikurabu,https://www.instagram.com/sankeikurabu/,2025-11-22,0,今日も元気にオープンしてます！✨ 昼間の三桂クラブは、昭和のレトロ感と明るい活気がいっぱい。 お昼ごはんや昼飲み、大歓迎
ぎふや天満橋店【イニシ】,,gihuya_tenmabashi,https://www.instagram.com/gihuya_tenmabashi/,2026-01-07,0,こんにちは！ 天満橋駅すぐそばの 【酒場ぎふや】です🍻 ⁡ 串かつ、名物メニューの他にも豊富な逸品メニュー☀️ ①山形だ
素麺 か・け・ふ,,somen_kakefu,https://www.instagram.com/somen_kakefu/,2026-10-08,25,素麺かけふです！  素麺かけふでは、コース料理も多数ご用意いたしております コース3品目のおでんは、特に人気の高いおでん
鮨割烹のの 北新地,,sushi_nono_kitashinchi,https://www.instagram.com/sushi_nono_kitashinchi/,2026-10-08,18,職人が一貫ずつ丁寧に握る鮨を、 旬の食材とともにお楽しみいただけます。  旬を味わうおまかせ料理。  接待や会食、大切な
鶴すし,,tsurusushi_umeda,https://www.instagram.com/tsurusushi_umeda/,2026-10-09,25,鶴すしです🍣❕  本日11:30〜営業致します☺️   🍣本マグロ 🍣生ウニ 🍣いくら などなどメニュー豊富です☺️❕ 
大衆酒場もぐら,,sakaba_mogura,https://www.instagram.com/sakaba_mogura/,,,
すさび湯三条,,susabiyu_sanjyo,https://www.instagram.com/susabiyu_sanjyo/,2026-09-04,0,迷ったらこれ。すさび三昧の寿司盛り🍣 人気ネタをぎゅっと集めた、贅沢な盛り合わせです。  ▪️▪️▪️▪️▪️▪️▪️▪
すさび湯新宿東口店,,susabiyu.shinjyuku,https://www.instagram.com/susabiyu.shinjyuku/,,0,
ナガグツ,,nagagutsu0427,https://www.instagram.com/nagagutsu0427/,2026-10-01,1,こんにちは✨️ ⁡ Italian Bal NagaGutsuです☕️ ⁡ カフェタイムのコーヒー紅茶などご用意いたしま
串かつジェット,,jet_kushikatsu,https://www.instagram.com/jet_kushikatsu/,2026-10-09,13,🔥【串かつ戦士ジェッ太くん 第39話】🔥 「やさしさと刺激！」  優しいだけじゃ、物足りない！？🌶️  今回シャンリンが
天寿し,,tensushi0207,https://www.instagram.com/tensushi0207/,2026-10-08,7,《寿司割烹 天寿し》  営業時間 月・火・水・木・日・祝日・祝後日 11:00 - 23:00 L.O. 22:00 金
ステーキ＆ハンバーグKING,,steakhanbaguking,https://www.instagram.com/steakhanbaguking/,2026-10-08,25,steakhanbaguking ステーキ＆ハンバーグ　KING 🥩 本日も11:00〜Openです📖 15:00までは
ホルモン幕府,,yakitoribakuhu,https://www.instagram.com/yakitoribakuhu/,,,
炭焼き かしわや 鳥錦,,kasiwaya_torikin,https://www.instagram.com/kasiwaya_torikin/,,,
八銭梅田,,hassen.umeda,https://www.instagram.com/hassen.umeda/,2026-10-08,8,期間限定メニューせせり唐揚げです！！✨ 鶏の首肉「せせり」をカラッと揚げた、外はサクサク・中はジューシーな一品です！🤤 
とりいし本店,,toriishi_honten,https://www.instagram.com/toriishi_honten/,2026-10-08,6,とりいし本店です ⁡ 本日も12時オープン！！ ランチ営業と昼飲み🍻 ⁡ 天気もいいので天満で 食べ飲み歩きにいかがです
とりいし別館,,toriishi_bekkan,https://www.instagram.com/toriishi_bekkan/,2026-10-06,6,【天満駅徒歩2分】昼のみOK｜ 自慢の焼鳥や鳥料理をリーズナブルに楽しめるコスパ最強居酒屋 ◆厳選された地鶏と秘伝のタレ
中村屋はなれ,,nakamuraya_hanare,https://www.instagram.com/nakamuraya_hanare/,2026-09-30,0,こんばんは♪ 中村屋はなれですー！  本日も16時オープン朝5時まで営業しております♪  9月からスタートの博多新メニュ
寿司 晴々,,sushi.harebare,https://www.instagram.com/sushi.harebare/,2026-10-06,5,🍣✨ はればれ寿司 LUNCH MENU ✨🍣  本日限定のおすすめメニューをご用意しました！😍 新鮮なネタをたっぷり楽
鳥と旬菜878,,toritoshunsai.878,https://www.instagram.com/toritoshunsai.878/,2026-09-16,0,本日、スタッフの皆様と一緒に月亭八光さんがご来店くださいました！✨ 熊野地鶏が食べれるおまかせコースをお召し上がりいただ
天満鮨 裏天満,,temmasushi_uratenma,https://www.instagram.com/temmasushi_uratenma/,2026-10-08,12,🍣✨ ＼ 天満でお寿司、食べませんか？ ／ ✨🍣  「今日なに食べる？」 「お寿司。」 「異議なし。🙋🏻‍♀️」  とい
